customer_id,age,gender,income,region,signup_days_ago
CUST00001,56.0,Male,32492.66,Central,1596
CUST00002,69.0,Male,65881.28,East,1368
CUST00003,46.0,Female,70882.0,Central,1020
CUST00004,32.0,Other,46862.37,West,1850
CUST00005,60.0,Male,46539.24,Central,647
CUST00006,,Female,59785.81,South,1789
CUST00007,38.0,Male,47139.04,North,302
CUST00008,56.0,Female,53809.61,West,1963
CUST00009,36.0,Male,92794.99,West,261
CUST00010,40.0,Male,50553.54,South,1473
CUST00011,28.0,Female,48549.88,Central,797
CUST00012,28.0,Male,43344.25,North,1495
CUST00013,41.0,Female,68395.46,West,525
CUST00014,53.0,Female,51737.96,North,1077
CUST00015,57.0,Female,43311.29,West,1162
CUST00016,41.0,Male,78783.47,Central,1756
CUST00017,20.0,Male,80552.85,West,531
CUST00018,39.0,Male,44192.38,West,1912
CUST00019,19.0,Other,21402.28,East,54
CUST00020,41.0,Female,73135.25,Central,1240
CUST00021,61.0,Female,42676.66,South,317
CUST00022,47.0,Female,69231.26,South,1681
CUST00023,55.0,Female,19538.13,Central,367
CUST00024,19.0,Female,71066.75,South,1931
CUST00025,38.0,Male,33198.91,Central,1967
CUST00026,50.0,Female,68153.75,South,1090
CUST00027,29.0,Male,55256.92,East,1847
CUST00028,39.0,Female,37829.09,South,166
CUST00029,61.0,Female,47673.35,West,537
CUST00030,,Female,67353.73,Central,256
CUST00031,66.0,Male,56906.1,North,349
CUST00032,44.0,Male,65519.43,North,1893
CUST00033,59.0,Male,90575.93,Central,945
CUST00034,45.0,Male,26843.65,East,1235
CUST00035,33.0,Male,84109.83,South,1927
CUST00036,32.0,Female,56878.41,East,115
CUST00037,64.0,Female,38821.89,North,1520
CUST00038,68.0,Male,31054.35,Central,955
CUST00039,61.0,Male,51595.83,Central,82
CUST00040,69.0,Male,71589.7,East,889
CUST00041,20.0,Female,52704.12,East,896
CUST00042,54.0,Female,82200.79,South,1288
CUST00043,68.0,Female,28878.84,West,1832
CUST00044,24.0,Female,54782.4,West,1852
CUST00045,38.0,Other,32456.92,South,462
CUST00046,26.0,Female,61545.37,West,1549
CUST00047,56.0,Male,70963.97,North,1028
CUST00048,35.0,Female,47426.29,West,129
CUST00049,21.0,Male,12000.0,South,1019
CUST00050,42.0,Female,58581.07,West,628
CUST00051,31.0,Male,62861.29,Central,432
CUST00052,67.0,Female,62277.31,East,425
CUST00053,26.0,Female,77244.08,North,1580
CUST00054,43.0,Female,35721.03,Central,444
CUST00055,19.0,Female,67243.89,Central,968
CUST00056,37.0,Male,76465.14,South,1666
CUST00057,,Male,22985.42,East,706
CUST00058,,Male,60753.73,East,492
CUST00059,24.0,Male,45924.76,North,570
CUST00060,61.0,Female,53532.59,South,1679
CUST00061,25.0,Male,61258.18,North,1672
CUST00062,64.0,Other,46229.89,West,1975
CUST00063,52.0,Female,42837.25,Central,1417
CUST00064,31.0,Female,55614.74,North,1183
CUST00065,34.0,Male,35429.57,Central,113
CUST00066,53.0,Female,35455.15,South,300
CUST00067,,Female,67228.72,West,273
CUST00068,57.0,Female,34321.71,South,417
CUST00069,21.0,Female,66993.63,West,243
CUST00070,19.0,Female,63326.64,West,847
CUST00071,23.0,Male,23935.48,Central,1219
CUST00072,59.0,Female,42803.84,South,1844
CUST00073,21.0,Male,76493.97,South,88
CUST00074,46.0,Male,37339.02,North,1655
CUST00075,35.0,Male,46640.72,South,912
CUST00076,43.0,Male,63317.1,North,872
CUST00077,61.0,Male,69101.03,East,953
CUST00078,51.0,Male,50472.3,East,1557
CUST00079,27.0,Other,44244.82,East,1759
CUST00080,53.0,Female,80602.66,South,152
CUST00081,31.0,Other,86300.19,South,1701
CUST00082,48.0,Male,72619.44,North,1466
CUST00083,65.0,Male,56535.73,West,1192
CUST00084,32.0,Female,40451.22,North,1282
CUST00085,25.0,Male,40052.0,East,1327
CUST00086,31.0,Male,64405.25,North,468
CUST00087,40.0,Female,62531.17,West,1051
CUST00088,57.0,Male,80228.77,South,591
CUST00089,38.0,Female,66708.1,North,1963
CUST00090,33.0,Female,27944.55,East,147
CUST00091,62.0,Male,,East,1767
CUST00092,35.0,Male,37034.91,South,934
CUST00093,64.0,Female,48088.52,North,1536
CUST00094,41.0,Male,59503.6,West,424
CUST00095,43.0,Male,90922.01,South,1756
CUST00096,42.0,Other,110978.53,North,905
CUST00097,62.0,Male,65921.02,Central,1513
CUST00098,58.0,Female,51702.46,East,1888
CUST00099,46.0,Other,64621.1,West,1746
CUST00100,32.0,Male,70977.8,West,964
CUST00101,62.0,Male,49227.98,West,1131
CUST00102,18.0,Male,87313.8,East,981
CUST00103,42.0,Male,59141.27,North,1465
CUST00104,,Male,63959.38,South,104
CUST00105,26.0,Female,66986.64,North,324
CUST00106,41.0,Male,62588.56,South,1846
CUST00107,18.0,Female,70100.93,West,50
CUST00108,61.0,Other,43889.44,North,1959
CUST00109,25.0,Female,44950.57,West,1224
CUST00110,41.0,Female,35197.22,Central,1068
CUST00111,28.0,Male,62911.02,West,1264
CUST00112,68.0,Female,69020.86,West,589
CUST00113,34.0,Female,63239.91,South,1139
CUST00114,25.0,Male,85140.86,Central,1202
CUST00115,52.0,Male,54899.27,West,1753
CUST00116,52.0,Female,67037.35,West,401
CUST00117,50.0,Male,35349.38,Central,1533
CUST00118,22.0,Male,48032.21,Central,847
CUST00119,59.0,Male,67519.68,North,1204
CUST00120,56.0,Male,70283.84,South,1194
CUST00121,58.0,Female,49708.59,Central,1122
CUST00122,45.0,Female,53711.21,Central,1313
CUST00123,24.0,Female,27678.27,East,875
CUST00124,26.0,Male,48573.47,Central,550
CUST00125,25.0,Male,71026.9,South,1686
CUST00126,29.0,Female,65353.69,West,400
CUST00127,51.0,Male,64011.98,West,1472
CUST00128,50.0,Male,55895.93,West,130
CUST00129,65.0,Female,55127.14,West,690
CUST00130,40.0,Male,43114.22,East,1711
CUST00131,41.0,Female,67578.91,Central,1918
CUST00132,54.0,Male,62577.51,West,997
CUST00133,52.0,Male,63856.34,North,272
CUST00134,,Male,45531.37,West,782
CUST00135,,Other,16239.83,Central,541
CUST00136,39.0,Female,74748.75,West,878
CUST00137,44.0,Other,46380.93,East,584
CUST00138,52.0,Female,39470.04,South,1148
CUST00139,,Male,67482.62,South,255
CUST00140,52.0,Female,47943.77,Central,1571
CUST00141,54.0,Male,74078.85,South,243
CUST00142,64.0,Female,66106.11,South,747
CUST00143,31.0,Male,67304.25,North,96
CUST00144,,Female,30412.8,Central,425
CUST00145,18.0,Male,76814.99,Central,641
CUST00146,22.0,Male,59702.51,South,1065
CUST00147,43.0,Female,48353.01,South,1290
CUST00148,31.0,Female,57580.99,South,1887
CUST00149,56.0,Male,23027.77,East,799
CUST00150,44.0,Male,62355.75,West,1452
CUST00151,26.0,Male,36471.31,East,436
CUST00152,32.0,Female,30651.93,Central,954
CUST00153,32.0,Female,27597.53,North,1902
CUST00154,43.0,Other,75028.39,West,1533
CUST00155,59.0,Female,43673.26,North,676
CUST00156,30.0,Male,82607.1,Central,251
CUST00157,68.0,Female,45355.57,Central,1209
CUST00158,49.0,Male,24267.56,North,683
CUST00159,56.0,Male,34902.56,North,457
CUST00160,66.0,Female,77244.61,North,1211
CUST00161,69.0,Male,52193.83,Central,1006
CUST00162,49.0,Female,45130.83,South,1469
CUST00163,21.0,Male,57880.33,North,1035
CUST00164,47.0,Female,64032.09,West,1379
CUST00165,54.0,Female,75113.18,Central,400
CUST00166,40.0,Female,81072.99,East,1397
CUST00167,56.0,Female,48524.16,East,1315
CUST00168,62.0,Female,31131.14,West,1336
CUST00169,32.0,Male,47557.63,South,879
CUST00170,60.0,Female,59685.05,North,885
CUST00171,46.0,Male,37652.34,Central,258
CUST00172,53.0,Female,37771.28,North,1941
CUST00173,30.0,Female,61188.18,Central,309
CUST00174,49.0,Female,54124.26,East,1923
CUST00175,24.0,Male,55590.35,North,1343
CUST00176,68.0,Male,41347.08,West,1733
CUST00177,39.0,Female,50852.79,South,1100
CUST00178,45.0,Male,38363.8,West,1004
CUST00179,19.0,Male,71023.57,South,1768
CUST00180,59.0,Male,73634.49,North,1267
CUST00181,62.0,Other,21768.62,North,787
CUST00182,23.0,Female,38268.8,South,1077
CUST00183,45.0,Male,28062.47,East,350
CUST00184,45.0,Male,43299.57,Central,303
CUST00185,61.0,Male,53498.12,West,585
CUST00186,61.0,Female,28906.39,West,873
CUST00187,37.0,Female,38406.52,West,1366
CUST00188,47.0,Male,,North,1416
CUST00189,28.0,Male,58730.81,West,697
CUST00190,45.0,Male,56248.2,Central,1029
CUST00191,42.0,Female,42008.72,Central,409
CUST00192,56.0,Female,58182.78,South,740
CUST00193,50.0,Male,45159.76,North,1972
CUST00194,18.0,Male,50110.21,Central,1727
CUST00195,44.0,Male,85122.14,East,1960
CUST00196,69.0,Other,79128.3,North,1523
CUST00197,30.0,Male,31607.54,North,775
CUST00198,58.0,Female,69935.18,Central,704
CUST00199,20.0,Female,69605.14,East,145
CUST00200,56.0,Male,34331.26,South,634
CUST00201,23.0,Male,69738.0,Central,1095
CUST00202,25.0,Male,82682.77,East,1849
CUST00203,44.0,Female,34794.19,North,408
CUST00204,26.0,Female,38484.95,East,1775
CUST00205,54.0,Female,73317.91,North,1259
CUST00206,50.0,Female,59886.92,Central,495
CUST00207,68.0,Male,64926.57,Central,1785
CUST00208,59.0,Other,61130.61,West,309
CUST00209,61.0,Female,62032.53,West,1701
CUST00210,41.0,Male,31123.5,West,647
CUST00211,32.0,Other,73851.72,Central,147
CUST00212,49.0,Female,76052.62,South,1290
CUST00213,49.0,Female,50870.97,Central,338
CUST00214,41.0,Female,54217.41,East,1509
CUST00215,58.0,Female,27440.06,Central,1953
CUST00216,69.0,Female,64256.59,Central,1528
CUST00217,66.0,Male,65297.03,North,129
CUST00218,66.0,Male,53880.56,North,290
CUST00219,69.0,Female,75238.36,North,1022
CUST00220,29.0,Male,48986.61,Central,1358
CUST00221,56.0,Male,65162.91,South,1407
CUST00222,19.0,Male,36646.04,East,315
CUST00223,20.0,Male,54576.06,East,357
CUST00224,66.0,Female,51861.62,South,1156
CUST00225,54.0,Female,59055.54,South,92
CUST00226,66.0,Male,48348.52,East,716
CUST00227,34.0,Male,52633.49,West,1335
CUST00228,66.0,Male,69868.85,North,1494
CUST00229,19.0,Female,47138.24,North,1346
CUST00230,,Female,26081.61,East,767
CUST00231,45.0,Male,86492.51,South,1060
CUST00232,40.0,Female,79866.17,West,668
CUST00233,54.0,Female,31739.27,East,965
CUST00234,49.0,Female,67414.74,North,1145
CUST00235,50.0,Female,45946.45,Central,1988
CUST00236,18.0,Male,59742.77,South,1243
CUST00237,36.0,Female,60296.03,Central,1924
CUST00238,19.0,Male,50780.66,East,505
CUST00239,61.0,Female,40892.22,North,1564
CUST00240,43.0,Female,42570.26,West,1515
CUST00241,49.0,Female,38508.55,Central,82
CUST00242,23.0,Female,40027.2,West,783
CUST00243,49.0,Male,53790.79,North,515
CUST00244,21.0,Female,42116.32,Central,1697
CUST00245,28.0,Other,67276.94,West,1543
CUST00246,34.0,Female,81770.43,West,1417
CUST00247,55.0,Male,44559.04,Central,1165
CUST00248,41.0,Male,59309.28,North,438
CUST00249,22.0,Male,63994.33,West,1060
CUST00250,69.0,Female,63496.04,East,1795
CUST00251,51.0,Female,56367.19,Central,697
CUST00252,23.0,Male,68368.28,South,1250
CUST00253,39.0,Female,63680.48,South,864
CUST00254,,Female,32722.08,North,905
CUST00255,,Female,70644.81,East,1788
CUST00256,33.0,Female,70971.24,West,396
CUST00257,50.0,Female,41260.85,South,1031
CUST00258,26.0,Female,55682.88,North,279
CUST00259,23.0,Male,67299.92,East,1969
CUST00260,33.0,Female,51232.35,East,1648
CUST00261,46.0,Female,74313.6,North,1293
CUST00262,20.0,Female,97549.7,North,409
CUST00263,37.0,Female,40852.25,West,1960
CUST00264,53.0,Female,30141.2,North,901
CUST00265,36.0,Male,60468.73,West,864
CUST00266,43.0,Male,67988.13,West,1524
CUST00267,20.0,Male,50844.41,Central,804
CUST00268,36.0,Male,81158.69,East,948
CUST00269,37.0,Female,30905.1,East,1754
CUST00270,49.0,Other,67472.54,East,484
CUST00271,24.0,Male,44094.51,Central,395
CUST00272,69.0,Male,85948.8,West,1343
CUST00273,58.0,Female,90865.28,West,1927
CUST00274,50.0,Male,41200.18,North,432
CUST00275,57.0,Female,45107.97,Central,87
CUST00276,56.0,Female,70472.58,North,550
CUST00277,35.0,Female,48031.65,Central,1357
CUST00278,57.0,Male,54182.6,North,1168
CUST00279,18.0,Male,55456.99,South,239
CUST00280,28.0,Female,20445.88,East,1094
CUST00281,45.0,Female,54750.92,East,845
CUST00282,42.0,Male,42584.9,West,202
CUST00283,67.0,Female,46123.79,South,263
CUST00284,40.0,Male,80985.38,East,822
CUST00285,48.0,Female,32382.88,West,1937
CUST00286,47.0,Male,69637.69,South,1643
CUST00287,59.0,Other,49978.67,East,1673
CUST00288,52.0,Male,,North,822
CUST00289,24.0,Male,69226.69,Central,1456
CUST00290,33.0,Male,61120.92,South,1092
CUST00291,43.0,Male,65271.03,West,148
CUST00292,65.0,Female,72427.32,South,364
CUST00293,69.0,Other,49036.45,West,1389
CUST00294,,Male,43979.74,South,1592
CUST00295,19.0,Male,35467.29,West,1669
CUST00296,18.0,Female,40142.61,East,1127
CUST00297,65.0,Female,108083.7,North,1244
CUST00298,29.0,Female,77404.23,East,353
CUST00299,22.0,Male,30680.66,North,1040
CUST00300,54.0,Male,31195.76,East,1200
CUST00301,49.0,Female,63673.59,East,1820
CUST00302,26.0,Male,64850.77,South,313
CUST00303,58.0,Female,64879.91,Central,242
CUST00304,,Male,50410.8,West,1688
CUST00305,36.0,Female,52741.82,West,1771
CUST00306,65.0,Male,60901.83,West,958
CUST00307,33.0,Female,56546.07,North,781
CUST00308,20.0,Female,15052.59,West,1447
CUST00309,37.0,Female,50863.61,West,368
CUST00310,41.0,Male,39674.68,South,1851
CUST00311,50.0,Female,58153.81,East,1075
CUST00312,41.0,Female,108734.66,West,1824
CUST00313,69.0,Female,61614.67,Central,1922
CUST00314,28.0,Female,49356.47,West,134
CUST00315,66.0,Female,71592.43,North,1519
CUST00316,25.0,Female,63688.38,North,1512
CUST00317,53.0,Male,62561.7,North,1485
CUST00318,55.0,Female,65923.31,West,799
CUST00319,57.0,Female,92017.78,South,745
CUST00320,37.0,Male,34644.01,Central,1875
CUST00321,52.0,Male,63525.38,West,1827
CUST00322,65.0,Male,38325.14,South,1672
CUST00323,42.0,Female,64999.23,South,792
CUST00324,52.0,Female,38463.64,West,1989
CUST00325,42.0,Female,47487.4,West,1274
CUST00326,46.0,Female,49688.38,South,408
CUST00327,35.0,Male,72564.7,South,1275
CUST00328,63.0,Male,71532.18,South,1311
CUST00329,35.0,Male,32577.09,West,742
CUST00330,19.0,Male,55988.81,South,1420
CUST00331,52.0,Male,42227.56,North,1823
CUST00332,33.0,Male,32346.91,West,1402
CUST00333,58.0,Female,51093.69,North,254
CUST00334,53.0,Female,49447.31,East,1767
CUST00335,50.0,Other,98680.9,West,767
CUST00336,21.0,Female,62793.28,East,265
CUST00337,50.0,Female,30202.88,South,212
CUST00338,31.0,Male,44834.07,South,741
CUST00339,38.0,Female,73384.9,Central,1922
CUST00340,65.0,Female,92591.97,South,1811
CUST00341,37.0,Male,26452.3,East,473
CUST00342,25.0,Male,21161.36,South,1918
CUST00343,24.0,Female,88677.37,West,652
CUST00344,20.0,Male,62013.06,South,1059
CUST00345,34.0,Female,39370.73,Central,1289
CUST00346,50.0,Female,64623.32,South,1180
CUST00347,65.0,Male,12000.0,East,1157
CUST00348,29.0,Male,55060.76,East,778
CUST00349,68.0,Male,60900.78,South,1968
CUST00350,39.0,Male,71636.86,East,1533
CUST00351,39.0,Male,36749.87,East,184
CUST00352,63.0,Female,56542.37,Central,286
CUST00353,47.0,Male,38342.36,West,264
CUST00354,55.0,Female,59596.91,Central,529
CUST00355,55.0,Male,38883.77,North,318
CUST00356,62.0,Female,47654.18,Central,539
CUST00357,68.0,Male,37075.32,South,1605
CUST00358,25.0,Male,66720.45,West,1853
CUST00359,44.0,Female,,South,738
CUST00360,44.0,Female,50776.83,North,814
CUST00361,51.0,Male,55688.28,West,923
CUST00362,38.0,Female,28925.35,East,805
CUST00363,47.0,Male,49605.82,Central,1622
CUST00364,50.0,Female,54096.32,South,327
CUST00365,45.0,Male,102174.28,North,1663
CUST00366,64.0,Male,34984.59,East,166
CUST00367,50.0,Female,81355.19,Central,405
CUST00368,22.0,Female,72943.46,East,116
CUST00369,65.0,Male,60051.46,Central,1472
CUST00370,36.0,Female,86655.17,West,1807
CUST00371,21.0,Female,61697.9,East,1252
CUST00372,52.0,Male,62004.87,East,1516
CUST00373,66.0,Female,54043.83,East,466
CUST00374,34.0,Male,77024.24,West,1363
CUST00375,61.0,Female,74736.45,North,1649
CUST00376,45.0,Female,43737.81,Central,1807
CUST00377,47.0,Other,31253.55,East,1334
CUST00378,46.0,Male,51346.35,West,1376
CUST00379,63.0,Male,40599.31,North,793
CUST00380,23.0,Male,53856.56,Central,731
CUST00381,52.0,Male,77273.89,West,971
CUST00382,58.0,Male,46768.57,Central,181
CUST00383,54.0,Female,54229.18,East,1355
CUST00384,41.0,Male,56044.41,North,1331
CUST00385,46.0,Male,70271.76,West,1704
CUST00386,66.0,Female,14555.99,North,1741
CUST00387,63.0,Male,44079.39,East,1061
CUST00388,48.0,Female,58803.11,North,836
CUST00389,52.0,Male,76601.42,North,264
CUST00390,50.0,Female,46145.76,South,704
CUST00391,69.0,Male,21222.05,North,590
CUST00392,38.0,Male,66154.81,Central,1355
CUST00393,49.0,Female,43563.48,West,67
CUST00394,40.0,Male,33586.0,South,1189
CUST00395,50.0,Female,43761.78,West,851
CUST00396,20.0,Male,51678.54,West,450
CUST00397,35.0,Male,44114.6,East,1272
CUST00398,42.0,Female,15299.81,East,377
CUST00399,59.0,Male,71147.19,South,1861
CUST00400,48.0,Female,77947.75,East,1599
CUST00401,20.0,Other,66727.4,East,1917
CUST00402,57.0,Female,34521.66,East,1132
CUST00403,63.0,Female,,West,777
CUST00404,41.0,Male,54882.62,South,1948
CUST00405,67.0,Male,65778.3,West,302
CUST00406,49.0,Male,67030.13,Central,1214
CUST00407,64.0,Female,,West,1740
CUST00408,39.0,Other,56475.92,Central,1931
CUST00409,,Male,63231.05,North,337
CUST00410,19.0,Female,81204.8,North,1427
CUST00411,44.0,Male,67681.12,Central,1005
CUST00412,59.0,Female,69203.02,Central,762
CUST00413,19.0,Male,56508.88,West,1062
CUST00414,43.0,Other,80388.26,Central,1854
CUST00415,34.0,Female,62375.73,South,473
CUST00416,57.0,Male,39500.42,North,1166
CUST00417,50.0,Male,80260.66,North,1258
CUST00418,26.0,Male,67562.26,Central,434
CUST00419,60.0,Male,47025.21,East,1751
CUST00420,65.0,Male,46369.13,East,882
CUST00421,56.0,Female,60338.36,Central,1250
CUST00422,46.0,Female,63337.33,South,807
CUST00423,59.0,Female,58551.26,East,1827
CUST00424,43.0,Male,60603.56,Central,1813
CUST00425,52.0,Female,85599.23,South,144
CUST00426,67.0,Female,74287.78,South,1174
CUST00427,42.0,Male,58431.44,West,1706
CUST00428,41.0,Female,71943.59,South,94
CUST00429,30.0,Female,36414.57,East,1329
CUST00430,24.0,Male,62162.69,East,854
CUST00431,53.0,Male,87567.51,Central,268
CUST00432,62.0,Female,51075.17,Central,331
CUST00433,37.0,Male,39742.59,South,1445
CUST00434,18.0,Female,43262.4,North,1575
CUST00435,25.0,Female,35386.61,West,998
CUST00436,63.0,Female,40874.29,North,398
CUST00437,33.0,Male,48330.85,South,262
CUST00438,31.0,Male,29699.79,South,224
CUST00439,29.0,Female,55281.13,North,936
CUST00440,68.0,Female,71240.99,West,1065
CUST00441,40.0,Male,38660.39,North,1959
CUST00442,32.0,Female,82347.11,Central,950
CUST00443,45.0,Female,64194.26,East,718
CUST00444,51.0,Male,73550.45,Central,206
CUST00445,19.0,Male,43158.98,East,246
CUST00446,49.0,Female,70381.45,South,1064
CUST00447,40.0,Male,35345.19,West,1499
CUST00448,39.0,Male,71024.46,North,659
CUST00449,68.0,Male,58093.11,West,193
CUST00450,42.0,Male,64958.52,North,1604
CUST00451,39.0,Female,33839.3,Central,82
CUST00452,39.0,Female,38888.74,Central,247
CUST00453,66.0,Male,65750.11,North,1771
CUST00454,69.0,Female,37929.74,West,1028
CUST00455,59.0,Female,63337.71,North,853
CUST00456,23.0,Female,30391.52,South,1413
CUST00457,32.0,Male,70267.14,Central,414
CUST00458,60.0,Male,32814.58,South,85
CUST00459,54.0,Other,64941.4,Central,147
CUST00460,50.0,Female,66261.36,Central,929
CUST00461,25.0,Male,42458.11,East,1306
CUST00462,61.0,Male,65476.48,South,827
CUST00463,61.0,Male,59687.96,South,809
CUST00464,22.0,Female,45300.85,East,1045
CUST00465,56.0,Female,36846.02,West,832
CUST00466,21.0,Female,,South,874
CUST00467,23.0,Male,61293.7,North,1233
CUST00468,,Female,26833.55,East,1468
CUST00469,49.0,Female,56716.2,South,1923
CUST00470,69.0,Male,50257.93,West,1288
CUST00471,47.0,Female,67224.57,South,884
CUST00472,64.0,Other,49563.18,Central,737
CUST00473,52.0,Male,49069.94,North,1873
CUST00474,57.0,Female,68173.67,East,1133
CUST00475,69.0,Male,61031.04,Central,1700
CUST00476,33.0,Female,60690.81,West,51
CUST00477,30.0,Female,63446.82,Central,1530
CUST00478,67.0,Female,27359.7,Central,872
CUST00479,59.0,Female,68622.2,West,1493
CUST00480,47.0,Male,66024.44,Central,1790
CUST00481,36.0,Female,36699.7,East,1623
CUST00482,34.0,Female,50606.55,South,1146
CUST00483,,Male,54292.47,Central,221
CUST00484,45.0,Female,52579.06,East,1048
CUST00485,43.0,Female,61009.48,South,1156
CUST00486,54.0,Male,80764.6,South,425
CUST00487,43.0,Female,74471.8,Central,1060
CUST00488,40.0,Female,31380.05,East,669
CUST00489,26.0,Male,66197.26,Central,1048
CUST00490,29.0,Other,78920.8,West,596
CUST00491,18.0,Male,61962.55,South,260
CUST00492,18.0,Male,74637.65,Central,903
CUST00493,64.0,Male,91220.87,South,603
CUST00494,51.0,Female,73426.77,East,269
CUST00495,49.0,Female,59487.55,North,119
CUST00496,65.0,Male,73811.59,Central,261
CUST00497,42.0,Male,57607.98,Central,486
CUST00498,57.0,Female,55430.25,South,262
CUST00499,62.0,Male,48674.54,East,383
CUST00500,18.0,Female,83141.44,West,1034
CUST00501,33.0,Female,40268.28,East,1386
CUST00502,56.0,Female,82582.62,Central,468
CUST00503,22.0,Other,63997.55,West,1428
CUST00504,39.0,Male,29812.49,East,1345
CUST00505,46.0,Other,61617.69,North,374
CUST00506,20.0,Female,17199.52,South,693
CUST00507,29.0,Female,66259.14,East,1481
CUST00508,43.0,Male,70934.17,East,686
CUST00509,33.0,Female,44337.59,North,159
CUST00510,68.0,Male,57223.86,Central,170
CUST00511,54.0,Male,90174.83,South,444
CUST00512,39.0,Male,45896.56,East,1146
CUST00513,46.0,Female,35939.66,West,655
CUST00514,31.0,Female,81669.94,East,313
CUST00515,45.0,Female,90326.57,South,1976
CUST00516,22.0,Female,55066.52,East,1708
CUST00517,64.0,Male,73206.33,North,252
CUST00518,,Female,79146.57,East,773
CUST00519,47.0,Male,41635.28,East,492
CUST00520,63.0,Female,46264.49,West,1598
CUST00521,69.0,Female,77155.74,North,1329
CUST00522,22.0,Female,85330.26,North,1735
CUST00523,29.0,Female,,East,1193
CUST00524,33.0,Male,39163.34,West,386
CUST00525,43.0,Female,90767.1,East,1766
CUST00526,43.0,Female,45442.52,East,1076
CUST00527,65.0,Male,48967.52,South,1789
CUST00528,,Male,61162.08,South,1933
CUST00529,56.0,Female,82974.89,West,1323
CUST00530,53.0,Female,70371.57,Central,888
CUST00531,50.0,Male,62467.58,South,694
CUST00532,47.0,Male,63339.19,Central,1386
CUST00533,54.0,Female,55783.26,North,1044
CUST00534,40.0,Female,65046.51,South,114
CUST00535,27.0,Male,12000.0,South,650
CUST00536,22.0,Male,49661.07,West,1084
CUST00537,53.0,Male,59343.79,Central,1794
CUST00538,51.0,Male,34281.75,South,269
CUST00539,69.0,Male,61953.82,South,1943
CUST00540,48.0,Female,51319.52,West,392
CUST00541,27.0,Female,86598.56,West,851
CUST00542,,Female,83314.36,Central,1442
CUST00543,49.0,Male,46615.5,North,1706
CUST00544,18.0,Female,52284.92,North,697
CUST00545,22.0,Female,,East,1352
CUST00546,62.0,Other,46870.13,South,1910
CUST00547,21.0,Female,58510.45,Central,1424
CUST00548,33.0,Male,41350.92,South,128
CUST00549,41.0,Female,34648.92,Central,76
CUST00550,33.0,Male,66208.8,Central,868
CUST00551,19.0,Female,66331.53,Central,451
CUST00552,66.0,Male,40522.32,South,1533
CUST00553,45.0,Male,71116.4,West,1632
CUST00554,49.0,Female,43631.6,South,91
CUST00555,44.0,Male,59556.97,Central,1162
CUST00556,37.0,Female,69766.19,East,1732
CUST00557,41.0,Male,54394.97,North,1602
CUST00558,29.0,Female,63185.34,Central,1172
CUST00559,67.0,Female,45704.27,East,1039
CUST00560,52.0,Female,51463.6,West,627
CUST00561,50.0,Male,51294.53,Central,1435
CUST00562,50.0,Male,41561.59,East,421
CUST00563,68.0,Male,51818.07,Central,1006
CUST00564,60.0,Male,27124.87,South,1105
CUST00565,54.0,Female,46159.23,East,632
CUST00566,29.0,Female,49872.24,South,1342
CUST00567,20.0,Female,50388.76,South,366
CUST00568,18.0,Female,50653.05,East,839
CUST00569,50.0,Female,53888.24,North,1257
CUST00570,57.0,Female,63629.95,East,1933
CUST00571,27.0,Male,70741.31,North,1291
CUST00572,60.0,Female,43304.23,Central,1435
CUST00573,61.0,Female,33342.38,Central,1720
CUST00574,46.0,Female,36243.2,East,781
CUST00575,30.0,Male,46230.35,Central,1189
CUST00576,29.0,Male,,West,1460
CUST00577,48.0,Male,41140.07,South,1561
CUST00578,63.0,Female,31669.9,South,1415
CUST00579,19.0,Female,46789.83,North,1434
CUST00580,68.0,Male,58265.68,Central,910
CUST00581,67.0,Other,65710.53,North,1629
CUST00582,,Male,44966.39,South,664
CUST00583,40.0,Male,,South,283
CUST00584,34.0,Male,38319.43,Central,1530
CUST00585,43.0,Female,54434.09,West,1167
CUST00586,25.0,Female,39728.28,West,49
CUST00587,,Male,65316.3,Central,557
CUST00588,43.0,Female,22854.4,Central,1198
CUST00589,27.0,Male,48526.67,North,1261
CUST00590,43.0,Female,60419.93,Central,1584
CUST00591,51.0,Female,58309.02,West,405
CUST00592,68.0,Female,103474.61,Central,1557
CUST00593,58.0,Male,61296.4,North,1957
CUST00594,24.0,Other,36927.02,North,195
CUST00595,21.0,Female,53281.64,North,1603
CUST00596,67.0,Male,,North,1234
CUST00597,62.0,Female,53549.2,East,890
CUST00598,28.0,Male,40004.99,Central,646
CUST00599,46.0,Female,71477.02,South,641
CUST00600,53.0,Male,45108.28,Central,1655
CUST00601,42.0,Female,52898.21,East,1980
CUST00602,38.0,Female,43559.96,North,1865
CUST00603,53.0,Male,86299.32,East,1497
CUST00604,27.0,Male,49217.63,West,1385
CUST00605,54.0,Male,87986.03,West,532
CUST00606,26.0,Male,69654.73,Central,942
CUST00607,41.0,Male,63677.2,Central,108
CUST00608,52.0,Female,61637.2,South,614
CUST00609,66.0,Male,62088.35,South,1988
CUST00610,52.0,Male,20301.89,West,1991
CUST00611,65.0,Female,49980.1,North,717
CUST00612,53.0,Male,70212.84,East,425
CUST00613,35.0,Female,54119.85,South,1661
CUST00614,66.0,Female,29706.58,South,1910
CUST00615,56.0,Female,54056.72,North,1156
CUST00616,49.0,Female,85673.9,North,431
CUST00617,41.0,Female,77444.05,Central,1004
CUST00618,40.0,Male,53883.93,East,253
CUST00619,49.0,Male,72126.09,North,547
CUST00620,54.0,Male,48402.87,South,663
CUST00621,29.0,Female,24330.31,South,265
CUST00622,66.0,Male,38359.61,West,1480
CUST00623,30.0,Female,83132.0,North,145
CUST00624,40.0,Other,50068.12,Central,1216
CUST00625,42.0,Female,50619.09,East,255
CUST00626,52.0,Female,49602.91,Central,259
CUST00627,58.0,Male,89274.46,South,211
CUST00628,47.0,Female,84267.26,Central,1302
CUST00629,34.0,Female,94938.04,South,1371
CUST00630,,Male,52137.19,South,239
CUST00631,37.0,Male,60321.24,South,1709
CUST00632,65.0,Female,27700.43,South,1445
CUST00633,42.0,Female,81584.82,South,1910
CUST00634,39.0,Female,33979.97,West,125
CUST00635,30.0,Female,58901.96,Central,923
CUST00636,36.0,Female,35248.55,West,1911
CUST00637,66.0,Female,44400.4,West,785
CUST00638,53.0,Male,39929.28,North,1139
CUST00639,29.0,Male,44058.25,North,444
CUST00640,58.0,Male,45295.79,North,423
CUST00641,36.0,Female,45131.16,East,725
CUST00642,29.0,Female,70000.01,North,1686
CUST00643,26.0,Female,35112.47,Central,873
CUST00644,24.0,Male,58969.75,West,1554
CUST00645,45.0,Female,76923.26,Central,633
CUST00646,31.0,Female,45762.47,North,611
CUST00647,48.0,Female,42077.46,East,1969
CUST00648,69.0,Female,50850.56,East,162
CUST00649,36.0,Male,76235.05,West,820
CUST00650,64.0,Female,,Central,678
CUST00651,33.0,Male,45438.14,South,1367
CUST00652,22.0,Male,63709.78,Central,1752
CUST00653,52.0,Female,35158.74,North,250
CUST00654,29.0,Female,67264.47,South,1005
CUST00655,42.0,Other,62354.93,East,1491
CUST00656,69.0,Female,49459.45,West,1099
CUST00657,38.0,Female,39905.46,West,1843
CUST00658,53.0,Female,39039.74,East,1245
CUST00659,40.0,Female,64626.71,North,1573
CUST00660,33.0,Male,77121.65,East,1432
CUST00661,56.0,Male,43528.46,North,817
CUST00662,62.0,Male,63250.96,South,720
CUST00663,59.0,Female,17433.51,East,1387
CUST00664,56.0,Male,44476.88,North,68
CUST00665,31.0,Male,54440.94,South,1346
CUST00666,48.0,Male,38625.7,East,719
CUST00667,22.0,Other,38142.89,West,191
CUST00668,52.0,Male,42979.97,East,1384
CUST00669,40.0,Female,60259.47,Central,1939
CUST00670,46.0,Male,51628.08,East,1157
CUST00671,60.0,Female,14711.84,Central,190
CUST00672,28.0,Male,16827.4,South,1852
CUST00673,35.0,Male,44076.43,East,1688
CUST00674,64.0,Female,63238.36,South,1107
CUST00675,29.0,Male,12000.0,South,1993
CUST00676,26.0,Male,46004.86,North,1087
CUST00677,27.0,Male,45527.54,South,271
CUST00678,61.0,Male,79990.08,South,996
CUST00679,,Male,48069.61,East,919
CUST00680,55.0,Male,61893.8,East,142
CUST00681,24.0,Female,57542.63,West,1043
CUST00682,63.0,Female,16649.8,North,347
CUST00683,30.0,Female,68827.73,South,52
CUST00684,57.0,Male,58877.14,North,1611
CUST00685,59.0,Female,64148.84,Central,853
CUST00686,26.0,Male,125672.28,South,1700
CUST00687,67.0,Male,17485.97,North,1171
CUST00688,44.0,Female,86044.54,West,730
CUST00689,19.0,Male,49825.94,West,1696
CUST00690,22.0,Male,60171.92,South,1048
CUST00691,46.0,Female,54180.78,Central,1987
CUST00692,54.0,Female,47363.75,West,1265
CUST00693,55.0,Female,44743.01,West,1471
CUST00694,36.0,Female,60931.16,Central,1166
CUST00695,25.0,Other,27690.87,North,1097
CUST00696,65.0,Male,68510.43,West,157
CUST00697,62.0,Male,47508.5,East,905
CUST00698,18.0,Male,34658.75,West,187
CUST00699,39.0,Male,46899.77,North,1838
CUST00700,69.0,Male,,North,856
CUST00701,34.0,Female,45363.97,South,1447
CUST00702,24.0,Female,61452.17,East,1920
CUST00703,42.0,Female,41842.79,North,881
CUST00704,62.0,Male,68642.59,Central,541
CUST00705,21.0,Female,67339.14,East,1967
CUST00706,53.0,Other,88274.96,East,74
CUST00707,23.0,Female,51839.85,Central,1161
CUST00708,48.0,Male,67035.79,West,248
CUST00709,36.0,Female,56765.22,Central,472
CUST00710,61.0,Male,78325.69,Central,1883
CUST00711,56.0,Male,42061.02,West,344
CUST00712,44.0,Male,68410.1,West,206
CUST00713,27.0,Female,51495.45,West,257
CUST00714,43.0,Female,53844.61,West,1756
CUST00715,36.0,Male,56651.54,West,1725
CUST00716,56.0,Male,59540.33,Central,1959
CUST00717,20.0,Male,52907.88,South,296
CUST00718,62.0,Male,58864.84,South,899
CUST00719,,Male,83406.13,North,867
CUST00720,67.0,Male,72738.09,South,1432
CUST00721,45.0,Female,70644.78,South,518
CUST00722,37.0,Male,46800.29,Central,731
CUST00723,45.0,Male,38993.67,West,716
CUST00724,,Male,72195.41,West,1343
CUST00725,58.0,Female,70768.84,Central,1025
CUST00726,56.0,Female,81508.07,South,386
CUST00727,18.0,Female,44128.35,Central,1710
CUST00728,20.0,Male,50868.12,North,1797
CUST00729,30.0,Female,25489.29,West,901
CUST00730,45.0,Male,47935.52,East,233
CUST00731,66.0,Female,72938.27,North,1266
CUST00732,42.0,Female,46603.08,North,581
CUST00733,50.0,Female,66528.64,Central,1840
CUST00734,55.0,Female,51570.94,South,352
CUST00735,23.0,Female,60833.03,West,623
CUST00736,61.0,Male,34341.55,East,210
CUST00737,62.0,Female,,North,528
CUST00738,49.0,Male,12000.0,East,1373
CUST00739,62.0,Female,51635.87,South,112
CUST00740,64.0,Male,25651.48,South,332
CUST00741,38.0,Male,76707.9,East,291
CUST00742,33.0,Male,68993.33,West,813
CUST00743,38.0,Male,63400.08,South,1253
CUST00744,28.0,Female,82378.11,East,1293
CUST00745,54.0,Female,37919.5,North,943
CUST00746,53.0,Male,86452.54,East,721
CUST00747,52.0,Male,71779.45,East,973
CUST00748,36.0,Female,50742.0,Central,712
CUST00749,37.0,Male,75441.16,South,1348
CUST00750,35.0,Female,35086.72,West,1565
CUST00751,64.0,Female,40158.75,West,718
CUST00752,58.0,Female,44045.38,Central,1934
CUST00753,66.0,Female,45478.4,West,425
CUST00754,31.0,Male,35981.96,East,1802
CUST00755,32.0,Female,77015.5,Central,1191
CUST00756,48.0,Male,50340.62,North,868
CUST00757,18.0,Male,61345.09,South,907
CUST00758,20.0,Female,44733.68,South,852
CUST00759,33.0,Male,22229.14,South,1182
CUST00760,40.0,Female,59861.03,East,78
CUST00761,28.0,Female,20579.41,North,1729
CUST00762,29.0,Female,53764.59,Central,818
CUST00763,27.0,Female,30370.33,Central,322
CUST00764,49.0,Male,90770.97,South,1681
CUST00765,,Male,71404.53,North,565
CUST00766,25.0,Female,56903.57,North,340
CUST00767,55.0,Male,77746.72,North,566
CUST00768,29.0,Female,39766.31,West,1956
CUST00769,41.0,Female,64782.63,West,668
CUST00770,45.0,Female,58596.59,South,263
CUST00771,25.0,Male,59752.36,North,1262
CUST00772,45.0,Male,77902.36,North,634
CUST00773,53.0,Male,68184.86,Central,123
CUST00774,43.0,Male,60197.03,Central,356
CUST00775,25.0,Female,25212.03,South,254
CUST00776,67.0,Male,37719.17,North,996
CUST00777,,Male,52791.24,South,919
CUST00778,45.0,Male,56680.7,Central,1845
CUST00779,54.0,Female,34656.33,Central,40
CUST00780,58.0,Female,98410.18,West,1382
CUST00781,53.0,Male,82295.09,South,1065
CUST00782,44.0,Male,65838.13,South,64
CUST00783,34.0,Male,56296.66,North,476
CUST00784,26.0,Male,51180.24,North,1505
CUST00785,50.0,Female,37865.47,West,1793
CUST00786,37.0,Female,56394.65,East,1273
CUST00787,30.0,Male,59639.55,East,470
CUST00788,45.0,Male,32648.31,East,682
CUST00789,65.0,Other,61015.18,South,1588
CUST00790,46.0,Male,52205.34,South,624
CUST00791,30.0,Female,20659.46,Central,258
CUST00792,63.0,Male,39513.07,South,1988
CUST00793,52.0,Female,47555.1,South,373
CUST00794,23.0,Male,88978.38,South,1133
CUST00795,35.0,Female,65017.96,West,1406
CUST00796,68.0,Other,30961.33,South,1449
CUST00797,,Male,63748.65,North,1343
CUST00798,64.0,Male,27148.53,North,1508
CUST00799,42.0,Male,74488.44,Central,1896
CUST00800,19.0,Male,46519.76,West,1724
CUST00801,27.0,Male,53314.55,North,1018
CUST00802,47.0,Male,78864.34,West,1181
CUST00803,67.0,Female,,West,1755
CUST00804,62.0,Male,29851.87,Central,938
CUST00805,22.0,Male,44495.21,West,1596
CUST00806,50.0,Female,73690.82,South,1951
CUST00807,18.0,Male,27651.77,West,1412
CUST00808,35.0,Other,12000.0,Central,556
CUST00809,49.0,Male,46879.14,Central,1366
CUST00810,64.0,Female,64931.33,Central,104
CUST00811,66.0,Female,76604.71,North,1599
CUST00812,28.0,Female,46663.1,South,1924
CUST00813,38.0,Other,47594.32,North,225
CUST00814,43.0,Male,75770.21,East,1896
CUST00815,42.0,Other,,South,58
CUST00816,39.0,Male,48006.63,West,735
CUST00817,44.0,Male,58427.63,Central,1050
CUST00818,66.0,Male,63085.94,East,45
CUST00819,30.0,Female,45823.48,South,1476
CUST00820,50.0,Male,55619.94,North,1642
CUST00821,51.0,Female,12000.0,Central,834
CUST00822,58.0,Female,43151.53,North,1646
CUST00823,52.0,Female,63163.16,South,1458
CUST00824,18.0,Female,37318.71,South,969
CUST00825,38.0,Male,56061.72,East,1689
CUST00826,65.0,Male,63043.71,West,1584
CUST00827,23.0,Male,48834.11,North,996
CUST00828,45.0,Male,58068.35,East,1667
CUST00829,34.0,Male,37670.81,Central,1957
CUST00830,22.0,Male,51281.0,West,1130
CUST00831,48.0,Male,65983.89,East,258
CUST00832,22.0,Other,57825.51,North,991
CUST00833,55.0,Female,44442.44,South,1350
CUST00834,20.0,Male,59035.9,Central,1563
CUST00835,40.0,Female,67862.98,North,744
CUST00836,54.0,Male,18101.06,West,1013
CUST00837,54.0,Male,75863.33,West,602
CUST00838,27.0,Female,48947.41,South,1591
CUST00839,27.0,Female,62658.82,South,1636
CUST00840,36.0,Male,76550.44,Central,644
CUST00841,34.0,Other,30309.87,Central,355
CUST00842,38.0,Female,42230.06,South,1416
CUST00843,31.0,Female,49806.12,South,1722
CUST00844,26.0,Female,40892.44,West,904
CUST00845,63.0,Female,86228.86,South,388
CUST00846,18.0,Male,39578.1,East,1759
CUST00847,68.0,Male,45000.16,North,1840
CUST00848,62.0,Male,58679.0,South,353
CUST00849,30.0,Female,33361.31,Central,1751
CUST00850,21.0,Female,47877.75,East,1379
CUST00851,18.0,Male,60714.16,Central,1678
CUST00852,66.0,Other,49008.51,East,1878
CUST00853,57.0,Female,53319.04,South,194
CUST00854,49.0,Female,45472.02,North,1626
CUST00855,,Female,27739.53,Central,1657
CUST00856,45.0,Female,60788.68,East,827
CUST00857,48.0,Male,86588.8,West,484
CUST00858,25.0,Female,55331.23,South,1206
CUST00859,56.0,Male,59054.75,North,1790
CUST00860,,Female,67469.01,South,1180
CUST00861,51.0,Male,32152.05,West,222
CUST00862,20.0,Female,85645.26,North,656
CUST00863,67.0,Female,58641.92,West,1827
CUST00864,29.0,Male,84373.42,South,559
CUST00865,18.0,Male,41805.41,East,1063
CUST00866,61.0,Other,,South,121
CUST00867,22.0,Female,68952.8,South,168
CUST00868,47.0,Female,64954.72,South,510
CUST00869,47.0,Female,59212.44,Central,478
CUST00870,34.0,Male,50526.48,West,1386
CUST00871,65.0,Male,76609.57,West,898
CUST00872,64.0,Male,57526.48,West,369
CUST00873,40.0,Female,19592.75,Central,1105
CUST00874,32.0,Male,34890.64,East,1760
CUST00875,54.0,Female,51654.78,South,495
CUST00876,38.0,Female,60579.98,East,747
CUST00877,31.0,Female,53981.41,Central,828
CUST00878,19.0,Female,76941.47,West,504
CUST00879,28.0,Other,19880.17,South,430
CUST00880,68.0,Male,57584.58,North,1492
CUST00881,56.0,Female,22276.37,North,1931
CUST00882,55.0,Female,68674.82,East,634
CUST00883,51.0,Female,53299.74,West,961
CUST00884,55.0,Other,62552.98,North,1026
CUST00885,67.0,Male,39450.11,East,951
CUST00886,51.0,Male,78030.37,Central,850
CUST00887,35.0,Female,73751.04,East,686
CUST00888,47.0,Male,65503.8,East,627
CUST00889,32.0,Female,52668.69,East,1562
CUST00890,44.0,Female,65437.43,South,1206
CUST00891,68.0,Male,42275.93,East,543
CUST00892,51.0,Female,70400.0,East,1556
CUST00893,69.0,Male,84690.66,South,1907
CUST00894,,Female,74270.99,South,1954
CUST00895,50.0,Female,41867.16,Central,1825
CUST00896,41.0,Female,61505.51,West,1729
CUST00897,32.0,Male,31723.45,North,1059
CUST00898,47.0,Female,65303.03,North,529
CUST00899,59.0,Female,63110.86,East,1714
CUST00900,68.0,Female,21343.31,Central,746
CUST00901,34.0,Female,34087.89,East,1171
CUST00902,22.0,Male,49903.5,North,1538
CUST00903,46.0,Male,49584.52,South,630
CUST00904,21.0,Male,33229.42,West,695
CUST00905,27.0,Female,62001.62,Central,1732
CUST00906,34.0,Male,59526.52,South,497
CUST00907,27.0,Male,51503.16,West,190
CUST00908,34.0,Other,41395.75,Central,299
CUST00909,37.0,Male,73876.73,Central,1109
CUST00910,41.0,Other,84797.33,North,257
CUST00911,22.0,Female,46295.89,South,878
CUST00912,51.0,Female,43981.0,Central,178
CUST00913,23.0,Male,,Central,1099
CUST00914,19.0,Male,48555.47,West,1197
CUST00915,30.0,Female,52490.85,North,1803
CUST00916,60.0,Female,68313.76,East,1837
CUST00917,60.0,Female,20631.59,North,661
CUST00918,65.0,Male,78729.44,East,1393
CUST00919,28.0,Female,56308.25,South,442
CUST00920,68.0,Female,47593.12,South,1785
CUST00921,64.0,Female,53393.79,Central,549
CUST00922,40.0,Female,54323.73,South,1397
CUST00923,33.0,Female,23838.38,Central,416
CUST00924,48.0,Female,81908.89,North,1526
CUST00925,28.0,Male,55743.86,South,304
CUST00926,33.0,Female,62974.04,North,382
CUST00927,25.0,Male,72127.9,North,1119
CUST00928,21.0,Male,36619.08,South,1132
CUST00929,57.0,Male,63522.49,North,627
CUST00930,21.0,Male,50182.46,South,1689
CUST00931,42.0,Male,70241.87,South,1255
CUST00932,20.0,Male,16709.91,South,1715
CUST00933,49.0,Female,53216.3,East,587
CUST00934,20.0,Female,44149.23,North,142
CUST00935,44.0,Male,62780.73,West,1144
CUST00936,46.0,Other,63460.8,South,170
CUST00937,49.0,Female,42262.73,North,1342
CUST00938,67.0,Male,42180.87,Central,1954
CUST00939,68.0,Male,53008.02,South,759
CUST00940,36.0,Female,38860.44,South,618
CUST00941,38.0,Female,70155.71,West,440
CUST00942,22.0,Female,48354.27,East,406
CUST00943,35.0,Male,12000.0,East,1437
CUST00944,45.0,Male,48253.2,South,1899
CUST00945,59.0,Male,36306.21,North,1205
CUST00946,39.0,Male,25637.04,Central,1888
CUST00947,38.0,Male,32726.32,Central,780
CUST00948,23.0,Male,56969.35,North,656
CUST00949,18.0,Female,78915.53,South,1372
CUST00950,22.0,Female,60637.32,Central,1422
CUST00951,58.0,Male,44082.94,East,1659
CUST00952,29.0,Female,63206.28,North,1024
CUST00953,43.0,Male,46736.37,West,1613
CUST00954,63.0,Female,42497.19,South,732
CUST00955,51.0,Male,34221.47,North,491
CUST00956,66.0,Female,23467.08,Central,41
CUST00957,31.0,Other,47981.37,South,1209
CUST00958,43.0,Female,57844.96,East,1737
CUST00959,,Male,53260.77,South,506
CUST00960,44.0,Female,47512.6,South,968
CUST00961,26.0,Male,37976.57,East,430
CUST00962,43.0,Female,65948.43,East,837
CUST00963,64.0,Female,31291.63,South,206
CUST00964,39.0,Male,68968.5,East,1394
CUST00965,64.0,Female,36960.09,North,86
CUST00966,47.0,Female,41456.17,East,1908
CUST00967,60.0,Male,28597.87,East,1905
CUST00968,65.0,Female,45974.76,South,477
CUST00969,34.0,Male,72555.62,North,232
CUST00970,43.0,Female,64281.31,West,1750
CUST00971,53.0,Female,72611.6,West,1686
CUST00972,18.0,Female,64398.57,Central,767
CUST00973,25.0,Female,35133.94,East,231
CUST00974,66.0,Female,49045.79,East,1383
CUST00975,52.0,Male,40956.42,North,392
CUST00976,69.0,Female,78950.35,West,921
CUST00977,32.0,Male,33457.8,Central,483
CUST00978,64.0,Female,71086.56,North,385
CUST00979,,Male,71073.17,East,245
CUST00980,31.0,Male,87933.16,West,1001
CUST00981,43.0,Female,47625.64,Central,584
CUST00982,45.0,Male,67821.8,South,916
CUST00983,40.0,Female,96069.73,West,52
CUST00984,31.0,Male,43882.45,Central,184
CUST00985,41.0,Male,27369.28,North,1239
CUST00986,19.0,Female,,South,278
CUST00987,62.0,Male,67828.82,Central,778
CUST00988,43.0,Male,21103.3,Central,834
CUST00989,31.0,Female,48298.26,East,163
CUST00990,68.0,Male,62871.64,West,350
CUST00991,24.0,Female,58333.16,East,419
CUST00992,,Male,62658.01,South,463
CUST00993,64.0,Male,59001.22,Central,1075
CUST00994,40.0,Female,78019.58,East,902
CUST00995,63.0,Male,37858.31,West,1653
CUST00996,60.0,Male,42814.09,South,1718
CUST00997,64.0,Male,41092.13,North,1178
CUST00998,62.0,Male,69943.45,East,1132
CUST00999,35.0,Female,71207.17,South,887
CUST01000,55.0,Male,63122.06,North,80
CUST01001,52.0,Female,76302.89,East,1781
CUST01002,68.0,Female,33795.26,South,205
CUST01003,32.0,Male,85010.03,South,899
CUST01004,42.0,Female,82418.3,East,282
CUST01005,54.0,Male,68241.2,South,995
CUST01006,45.0,Other,87072.38,Central,1299
CUST01007,27.0,Male,25180.78,East,768
CUST01008,56.0,Female,45559.93,South,1159
CUST01009,34.0,Female,41764.54,North,1246
CUST01010,56.0,Male,67986.63,North,1369
CUST01011,39.0,Female,36097.47,Central,331
CUST01012,43.0,Female,68634.91,East,577
CUST01013,61.0,Male,79669.65,South,745
CUST01014,42.0,Male,67513.65,South,1987
CUST01015,34.0,Female,60107.52,North,808
CUST01016,30.0,Female,37218.28,Central,297
CUST01017,37.0,Other,39756.68,North,1223
CUST01018,42.0,Female,77493.14,North,1039
CUST01019,21.0,Other,69028.28,Central,580
CUST01020,27.0,Female,54297.65,East,1508
CUST01021,20.0,Male,47477.63,South,1704
CUST01022,58.0,Male,18535.46,East,1345
CUST01023,62.0,Female,35724.66,West,1617
CUST01024,35.0,Female,89405.54,West,1852
CUST01025,64.0,Male,31951.8,West,1854
CUST01026,53.0,Male,58410.64,Central,1194
CUST01027,64.0,Other,73133.99,North,1199
CUST01028,39.0,Female,32411.39,East,1478
CUST01029,51.0,Male,,South,343
CUST01030,64.0,Male,71882.48,West,213
CUST01031,,Male,,East,1717
CUST01032,57.0,Male,106631.26,West,742
CUST01033,66.0,Male,24965.21,West,157
CUST01034,61.0,Male,74057.11,South,1340
CUST01035,36.0,Female,51889.57,Central,1876
CUST01036,59.0,Male,68894.56,North,1306
CUST01037,58.0,Female,62943.53,Central,1831
CUST01038,54.0,Female,41803.19,East,729
CUST01039,23.0,Male,59121.94,Central,415
CUST01040,69.0,Female,21557.77,East,1283
CUST01041,43.0,Female,65858.46,East,300
CUST01042,51.0,Female,60366.85,North,1824
CUST01043,62.0,Male,66495.88,South,840
CUST01044,23.0,Female,74046.13,North,444
CUST01045,54.0,Female,61617.16,Central,227
CUST01046,50.0,Male,57665.61,East,1376
CUST01047,39.0,Male,39140.77,West,1109
CUST01048,38.0,Female,42180.03,West,860
CUST01049,23.0,Female,76361.22,East,1256
CUST01050,23.0,Male,80854.04,North,1836
CUST01051,65.0,Female,50714.01,South,1674
CUST01052,21.0,Male,55828.05,North,657
CUST01053,47.0,Female,38716.94,East,633
CUST01054,28.0,Male,76109.62,East,1191
CUST01055,47.0,Female,66977.5,South,1475
CUST01056,48.0,Male,89941.91,Central,1868
CUST01057,41.0,Male,39190.18,Central,1110
CUST01058,26.0,Male,48195.86,South,1615
CUST01059,20.0,Male,59166.03,Central,1039
CUST01060,68.0,Female,66636.81,West,100
CUST01061,48.0,Male,51117.98,Central,940
CUST01062,57.0,Female,39286.7,Central,1967
CUST01063,54.0,Male,70865.34,Central,623
CUST01064,53.0,Male,67980.44,West,1425
CUST01065,41.0,Male,38507.07,Central,1670
CUST01066,48.0,Male,79397.97,West,629
CUST01067,23.0,Male,76063.58,South,543
CUST01068,19.0,Male,57417.34,North,1925
CUST01069,37.0,Female,56432.76,South,113
CUST01070,45.0,Male,64973.04,North,1023
CUST01071,28.0,Female,39489.34,South,1096
CUST01072,21.0,Female,55540.57,North,1719
CUST01073,32.0,Male,16257.1,North,868
CUST01074,23.0,Male,70776.2,East,1987
CUST01075,66.0,Other,26893.12,North,635
CUST01076,47.0,Female,82061.56,North,839
CUST01077,55.0,Female,49057.84,East,162
CUST01078,68.0,Male,51189.99,Central,1448
CUST01079,19.0,Female,43700.79,Central,1118
CUST01080,32.0,Female,49815.3,East,319
CUST01081,28.0,Female,80533.56,West,405
CUST01082,25.0,Other,12000.0,North,798
CUST01083,43.0,Male,77985.38,North,496
CUST01084,68.0,Male,61084.42,East,1951
CUST01085,62.0,Female,,East,1266
CUST01086,61.0,Female,35644.38,West,1201
CUST01087,22.0,Male,85175.07,Central,1626
CUST01088,23.0,Male,37980.88,South,500
CUST01089,43.0,Male,34239.69,Central,178
CUST01090,21.0,Male,75471.66,North,117
CUST01091,36.0,Female,61093.95,East,1377
CUST01092,37.0,Female,38117.34,West,1948
CUST01093,50.0,Male,58899.25,Central,425
CUST01094,37.0,Male,36536.45,West,819
CUST01095,66.0,Male,74814.79,Central,1457
CUST01096,29.0,Male,74104.68,North,1135
CUST01097,64.0,Female,64576.11,South,1694
CUST01098,18.0,Other,61509.9,West,1339
CUST01099,43.0,Female,86701.39,West,1435
CUST01100,31.0,Male,54994.35,South,894
CUST01101,55.0,Female,33726.27,West,1845
CUST01102,54.0,Female,63090.53,West,1323
CUST01103,28.0,Female,92548.85,Central,1345
CUST01104,53.0,Male,36734.33,Central,1506
CUST01105,30.0,Male,48493.67,South,1768
CUST01106,60.0,Male,,North,53
CUST01107,20.0,Male,54029.71,West,985
CUST01108,50.0,Male,37318.54,North,1916
CUST01109,23.0,Male,75193.44,South,340
CUST01110,67.0,Female,96760.73,South,1514
CUST01111,27.0,Female,58530.37,Central,1261
CUST01112,22.0,Female,38726.77,West,1845
CUST01113,40.0,Male,27118.71,East,1770
CUST01114,27.0,Other,59643.57,South,693
CUST01115,61.0,Female,74869.79,West,467
CUST01116,19.0,Female,63553.02,North,1591
CUST01117,30.0,Other,54956.73,Central,735
CUST01118,57.0,Female,44393.11,North,1389
CUST01119,19.0,Other,35341.05,South,451
CUST01120,,Male,70025.52,South,1803
CUST01121,18.0,Male,71447.89,North,350
CUST01122,54.0,Male,27176.86,South,1550
CUST01123,26.0,Male,83617.1,West,616
CUST01124,34.0,Male,65333.28,South,976
CUST01125,26.0,Female,80192.7,Central,1216
CUST01126,28.0,Female,30841.7,West,1864
CUST01127,32.0,Female,30415.17,East,1594
CUST01128,41.0,Male,52318.55,South,1218
CUST01129,55.0,Female,64050.12,South,878
CUST01130,52.0,Female,87334.49,Central,1751
CUST01131,47.0,Male,67709.42,Central,1619
CUST01132,48.0,Female,50631.74,North,1348
CUST01133,66.0,Male,36525.35,North,71
CUST01134,22.0,Male,77140.01,North,1977
CUST01135,61.0,Female,37635.3,Central,1338
CUST01136,67.0,Male,84312.43,North,968
CUST01137,31.0,Male,49881.08,North,416
CUST01138,28.0,Female,83630.48,East,1191
CUST01139,26.0,Female,67220.76,North,1240
CUST01140,51.0,Male,52534.08,South,939
CUST01141,29.0,Male,45650.87,Central,745
CUST01142,52.0,Male,48863.66,West,460
CUST01143,52.0,Female,62709.7,East,583
CUST01144,,Male,56388.82,Central,1915
CUST01145,57.0,Male,44311.39,Central,1469
CUST01146,39.0,Other,52018.63,South,829
CUST01147,46.0,Female,56414.39,North,455
CUST01148,25.0,Male,16682.79,South,1469
CUST01149,28.0,Female,63247.03,North,55
CUST01150,58.0,Female,37365.02,North,1424
CUST01151,54.0,Male,34240.02,Central,414
CUST01152,31.0,Male,24627.8,North,85
CUST01153,47.0,Female,22709.94,East,1306
CUST01154,52.0,Male,30601.94,East,663
CUST01155,38.0,Female,42237.62,East,135
CUST01156,54.0,Male,90158.66,Central,1183
CUST01157,22.0,Male,45534.17,South,878
CUST01158,36.0,Male,,West,699
CUST01159,31.0,Male,62208.66,North,405
CUST01160,43.0,Male,57359.17,West,772
CUST01161,21.0,Male,53606.02,South,996
CUST01162,42.0,Female,33484.71,South,337
CUST01163,62.0,Other,81116.7,Central,120
CUST01164,59.0,Female,87529.54,East,1446
CUST01165,42.0,Female,24712.14,East,1587
CUST01166,35.0,Male,36567.49,South,831
CUST01167,57.0,Other,49963.41,Central,139
CUST01168,25.0,Male,37638.32,Central,1614
CUST01169,56.0,Other,64107.38,North,1694
CUST01170,57.0,Other,41891.1,East,614
CUST01171,31.0,Female,93971.01,South,369
CUST01172,49.0,Other,76429.87,West,1618
CUST01173,68.0,Female,58826.33,East,1008
CUST01174,55.0,Male,73485.75,North,385
CUST01175,50.0,Male,74906.21,Central,1945
CUST01176,40.0,Female,44848.95,South,197
CUST01177,32.0,Male,40308.09,East,586
CUST01178,50.0,Female,56406.58,West,1505
CUST01179,42.0,Other,70509.45,North,934
CUST01180,34.0,Male,57503.09,North,134
CUST01181,50.0,Female,26614.06,East,179
CUST01182,64.0,Female,40549.16,West,175
CUST01183,19.0,Female,53668.49,North,745
CUST01184,31.0,Other,53638.02,South,903
CUST01185,57.0,Female,90505.76,North,328
CUST01186,57.0,Other,30052.22,West,1220
CUST01187,68.0,Female,64100.61,Central,1766
CUST01188,56.0,Male,81804.04,Central,675
CUST01189,,Female,95886.1,East,752
CUST01190,23.0,Female,47720.85,West,1101
CUST01191,23.0,Male,63845.73,North,667
CUST01192,20.0,Female,65255.69,North,268
CUST01193,24.0,Female,58518.67,Central,1060
CUST01194,68.0,Male,53220.79,Central,493
CUST01195,25.0,Female,62847.56,South,482
CUST01196,59.0,Female,12000.0,Central,813
CUST01197,69.0,Female,67277.25,South,926
CUST01198,32.0,Male,57271.2,North,400
CUST01199,64.0,Male,50995.45,South,1602
CUST01200,46.0,Male,91843.52,South,516
CUST00637,66.0,Female,44400.4,West,785
CUST00684,57.0,Male,58877.14,North,1611
CUST01034,61.0,Male,74057.11,South,1340
CUST00191,42.0,Female,42008.72,Central,409
CUST01084,68.0,Male,61084.42,East,1951
CUST00284,40.0,Male,80985.38,East,822
CUST00818,66.0,Male,63085.94,East,45
CUST00315,66.0,Female,71592.43,North,1519
CUST00538,51.0,Male,34281.75,South,269
CUST00665,31.0,Male,54440.94,South,1346
CUST00240,43.0,Female,42570.26,West,1515
CUST00136,39.0,Female,74748.75,West,878
CUST00336,21.0,Female,62793.28,East,265
CUST00190,45.0,Male,56248.2,Central,1029
CUST00839,27.0,Female,62658.82,South,1636
